id, compositeHourlyWages , age , yearsEducation , sex1M0F
1,21.38,58,10,1
2,25.15,42,16,1
3,8.57,31,12,0
4,12.07,43,13,0
5,10.97,46,12,0
6,22.07,31,19,0
7,23.91,26,12,1
8,5.5,19,13,0
9,7.2,18,11,1
10,14.83,51,10,1
11,9.4,19,11,0
12,15.36,43,14,1
13,9.37,62,11,1
14,29.62,42,17,0
15,14.5,31,13,0
16,6.94,19,14,1
17,7.1,35,13,0
18,17.08,30,12,1
19,23.57,44,12,1
20,17.81,34,13,1
21,12.07,25,17,1
22,3.13,60,20,1
23,11.09,54,10,1
24,9.6,52,9,0
25,45.38,36,18,1
26,17.98,53,12,0
27,13.24,42,10,0
28,31.2,57,20,1
29,6.7,27,11,0
30,14.85,30,10,1
31,17,42,10,0
32,14.28,48,13,0
33,8.39,24,17,0
34,18.72,48,17,1
35,14,27,10,1
36,20.5,52,16,0
37,12.45,34,14,0
38,16.86,32,13,1
39,15,26,17,1
40,11.67,55,10,0
41,6.31,28,11,1
42,7,18,15,0
43,16.96,39,12,0
44,44.25,20,14,0
45,38.4,42,15,0
46,7.5,44,11,0
47,10.71,21,14,1
48,7.4,19,12,1
49,23.26,36,20,0
50,21,24,18,0
51,7.7,21,16,1
52,7.5,26,18,1
53,20.4,31,13,1
54,10,53,14,0
55,34.8,42,16,1
56,14.52,30,15,0
57,23.04,43,14,1
58,9.65,40,14,0
59,15.78,37,13,0
60,14.61,51,10,1
61,6.96,21,12,0
62,33.6,41,13,1
63,45.5,55,8,1
64,13.65,32,12,0
65,24,38,15,0
66,16.8,40,15,1
67,8.36,32,10,1
68,8.79,45,4,0
69,7.3,20,13,0
70,3.12,24,17,1
71,10,50,9,0
72,16.97,30,13,0
73,21.1,30,15,0
74,15.84,32,14,0
75,20,47,16,1
76,14.07,56,12,0
77,8.89,21,16,1
78,6.65,51,12,0
79,23.68,39,13,0
80,12.85,27,14,0
81,46.15,18,11,1
82,21.16,30,18,1
83,13,49,13,1
84,8,37,8,0
85,20,48,13,1
86,23.2,35,20,0
87,7.72,18,13,0
89,8.48,21,12,1
90,34.56,46,12,1
91,10.47,29,11,1
92,15.66,45,17,0
93,23.05,51,10,1
94,9.59,32,16,1
95,20,29,20,0
96,6.95,20,14,1
97,12.76,31,12,0
98,13.44,36,14,0
99,37.76,50,15,1
100,15,36,13,1
101,16.3,29,16,0
102,4.94,59,13,1
103,6.7,20,14,0
104,24.14,49,10,1
105,17.44,37,8,0
106,7,34,12,0
107,16.5,47,18,1
108,19.83,44,9,1
109,19.2,30,12,0
110,21.39,39,16,1
111,13.5,50,10,1
112,25.98,47,15,0
113,6.42,43,12,0
114,19.2,57,13,1
115,8.5,24,14,0
116,23.04,29,16,1
117,12,43,10,0
118,6.7,19,14,1
119,32.16,48,13,1
120,10,26,11,1
121,16.1,29,13,1
122,12.22,26,11,1
123,24.92,39,12,1
124,23.04,49,17,0
125,17.67,42,13,0
126,7.61,41,11,0
127,18.61,49,12,0
128,10.26,31,13,0
129,15.31,32,15,0
130,12.55,35,12,0
131,19.19,64,13,0
132,7.15,17,11,1
133,8,28,14,0
134,27.12,25,15,0
135,13.52,31,12,1
136,9.38,34,10,1
137,6.7,38,8,0
138,8,37,12,0
139,21.03,41,11,1
140,12.88,48,12,0
141,3.63,19,13,1
142,10.83,29,18,1
143,20.16,51,1,1
144,7.25,17,11,1
145,23.35,44,20,1
146,7.03,18,12,0
147,36.11,35,17,1
148,19,31,18,1
149,23,27,17,1
150,18.92,45,14,1
151,16.8,36,16,0
152,17.87,25,17,0
153,6.67,20,13,0
154,10,64,11,0
155,15.84,64,13,1
156,11,28,16,1
157,24,60,17,0
158,9.5,58,12,0
159,12.81,41,10,1
160,42.88,41,20,0
161,8.5,50,13,0
162,12.5,35,17,0
163,12.48,39,11,0
164,21.68,56,13,1
165,30.1,47,13,1
166,15.6,37,13,1
167,12.81,54,12,0
168,28.35,44,12,1
169,16.62,32,9,0
170,10,43,14,0
171,14.62,28,13,1
172,19.2,49,10,1
173,7.45,42,10,1
174,24.32,35,20,1
175,16.15,34,17,0
176,14.97,53,13,1
177,18.92,41,20,1
178,6.46,28,15,0
179,6,20,15,0
180,14.34,23,12,0
181,10,30,20,0
182,13.75,57,8,1
183,23.48,44,16,0
184,19.6,53,11,1
185,13.73,39,11,0
186,3,17,12,1
187,7,59,13,0
188,8.76,23,18,1
189,9.25,55,8,0
190,29.98,44,17,0
191,12.37,25,13,0
192,5.17,34,17,0
193,7.66,23,17,0
194,6.7,23,16,0
195,16.59,44,16,1
196,10,46,14,0
197,15.44,31,13,0
198,16.3,26,12,1
199,16.28,29,14,0
200,9.13,19,15,1
201,20,56,11,1
202,8,46,11,0
203,12.64,34,10,0
204,21.82,38,12,1
205,20.1,32,17,0
206,12,29,8,1
207,26.38,60,8,1
208,17.22,28,15,1
209,18.81,40,13,1
210,15.72,43,16,0
211,41.38,44,11,1
212,19,34,12,1
213,12.2,34,13,1
214,12,24,13,0
215,6.34,21,14,0
216,9.06,18,12,0
217,15.5,26,14,1
218,6.63,47,12,0
219,22.08,45,20,1
220,10,38,16,0
221,19.2,43,18,1
222,5,58,11,0
223,13.63,25,13,0
224,13.31,34,13,0
225,6.71,29,12,0
226,8.86,29,12,1
227,10,46,9,0
228,6.72,59,12,0
229,16.5,51,12,1
230,16.9,53,10,0
231,33.28,39,15,0
232,8.32,32,14,0
233,15,34,12,1
234,22.53,37,15,1
235,14.89,35,12,0
236,7,26,12,1
237,8.23,22,15,1
238,22.27,38,20,0
239,17,37,12,1
240,19.18,47,11,0
241,14.63,23,14,0
242,8.5,41,10,0
243,14.4,55,9,0
244,14,25,16,0
245,13.05,64,9,0
246,25,62,13,0
247,14.85,39,12,1
248,15.87,29,12,0
249,12,34,12,1
250,6.85,62,8,0
251,21.6,33,11,1
252,18.24,55,16,0
253,15,32,13,1
254,14.26,31,12,0
255,19.18,30,18,1
256,10.29,18,13,0
257,32.64,33,12,1
258,10,40,13,1
259,6.5,16,10,1
260,11.26,55,12,0
261,15.07,65,5,1
262,16.26,32,14,0
263,30.82,54,16,0
264,7,19,14,0
265,22.32,47,13,1
266,12.87,34,12,0
267,12.51,35,14,0
268,23.14,43,13,1
269,18.56,53,18,0
270,19.62,36,12,0
271,6.52,27,17,0
272,16.7,59,19,0
273,11.44,20,12,1
274,3.62,57,13,1
275,14.8,37,13,0
276,12,47,12,0
277,33.12,53,20,1
278,15.83,25,17,1
279,7,23,12,1
280,17.76,44,14,0
281,19.26,39,13,1
282,6.45,16,10,1
283,8,61,12,1
284,7,50,12,0
285,12.9,23,17,1
286,15.36,44,18,0
287,44.28,59,15,1
288,14.98,30,12,1
289,7.5,18,12,0
290,16.61,43,16,1
291,16.4,55,13,0
292,19.68,32,11,0
293,26.58,35,13,1
294,18.24,26,16,1
295,14,34,17,0
296,7.05,19,10,0
297,9,35,12,1
298,28.32,38,17,1
299,7,18,12,1
300,12.4,24,16,0
301,18.29,28,14,1
302,12,53,11,0
303,27.84,50,18,0
304,3.43,31,12,1
305,31.2,44,17,0
306,14.3,52,9,1
307,22.4,35,12,1
308,11.36,32,9,1
309,7.6,27,11,1
310,17,34,11,1
311,23.25,27,12,1
312,7.5,34,12,0
313,13.61,36,12,1
314,10.24,63,10,0
315,14,52,8,1
316,7,18,11,1
317,6.73,16,10,0
318,9.05,33,11,0
319,4.84,34,10,0
320,6.7,19,13,1
321,33.6,36,16,1
322,10.11,37,12,0
323,15.36,47,20,0
324,10,54,8,1
325,23.52,32,13,1
326,7.75,37,13,1
327,17.92,48,12,0
328,6.85,21,14,1
329,17.06,45,10,0
330,13.42,37,15,1
331,19.65,33,12,0
332,16.83,46,16,1
333,25,34,17,0
334,6.7,17,9,0
335,10.07,20,13,0
336,6.76,55,11,0
337,6.25,53,12,0
338,11.29,31,13,1
339,13.99,24,14,0
340,17.63,29,14,0
341,6.7,55,10,0
342,8.55,38,11,0
343,5.64,20,13,1
344,20,43,12,1
345,23.04,39,11,0
346,9.79,23,14,0
347,12.5,24,15,0
348,16,46,16,0
349,9.17,63,9,1
350,19.5,45,16,0
351,17.23,52,12,0
352,8.65,20,13,1
353,7.69,21,13,1
354,29.76,41,15,1
355,11.5,27,13,1
356,14.75,32,12,0
357,19.28,49,10,1
358,6.85,42,10,0
359,11.93,30,12,0
360,14,27,8,1
361,31.2,57,14,0
362,15,32,15,0
363,10,26,19,1
364,25,30,13,0
365,22.23,57,8,1
366,6.72,22,10,1
367,13,39,12,0
368,15,39,17,1
369,23.59,36,15,0
370,6.74,19,13,1
371,7,35,8,0
372,26.85,37,16,0
373,12.85,33,12,1
374,11,25,15,0
375,9,42,12,0
376,11.92,22,14,1
377,22,47,10,1
378,22.53,28,12,0
379,12.8,64,11,0
380,16,42,9,0
381,8.34,23,13,1
382,7.49,19,11,0
383,9.86,23,14,1
384,10,48,10,0
385,6.75,17,11,0
386,29.18,57,16,0
387,16.96,54,6,0
388,42.93,64,20,1
389,17.5,31,12,1
390,6,32,17,0
391,11.5,60,5,1
392,25.95,51,16,0
393,23.77,65,9,1
394,7.56,40,14,0
395,9,27,8,1
396,20.95,42,13,1
397,12.8,58,11,0
398,15.81,51,9,1
399,4.88,20,12,1
400,6.12,16,9,0
401,13.92,56,12,0
402,7.5,32,12,0
403,13.62,54,14,1
404,33.6,44,13,1
405,32.03,41,15,0
406,15.26,44,12,0
407,19.93,48,15,1
408,21.15,41,12,1
409,8,60,11,0
410,20,42,9,1
411,16.32,56,9,1
412,27.27,40,14,1
413,16.8,37,14,1
414,20.45,58,17,1
415,21.94,30,17,0
416,15.23,45,10,1
417,13.95,49,12,0
418,14,36,12,1
419,6.7,18,12,0
420,7.36,36,12,0
421,9.02,21,15,0
422,12.55,43,10,1
423,13.1,27,19,1
424,28.04,43,10,1
425,20.16,27,12,0
426,15.75,34,20,1
427,6.2,16,10,0
428,22.98,29,14,1
429,19.2,33,12,1
430,15.36,58,12,0
431,22.33,30,11,1
432,15.8,30,6,1
434,14.85,48,12,0
435,15.36,47,12,0
436,17.67,43,12,1
437,8.81,40,14,1
438,17,35,8,1
439,14.65,42,13,0
440,30.1,46,16,0
441,5.75,17,12,0
442,6.71,20,11,1
443,19.07,44,13,1
444,10,24,17,1
445,21.34,39,15,0
446,38.4,49,17,1
447,8.92,42,12,1
448,6.7,18,13,1
449,4.25,17,12,1
450,18.33,37,20,1
451,33.59,46,17,1
452,12.73,57,8,0
453,25.26,56,13,1
454,14.03,53,14,1
455,7,18,12,1
456,10.21,21,14,0
457,12,52,9,1
458,15.32,62,7,1
459,7,26,13,0
460,10.84,22,16,1
461,13.78,56,10,0
462,11.3,43,12,0
463,13.59,42,13,0
464,7,18,12,0
465,36.7,32,16,0
466,16.97,35,14,0
467,14.33,39,11,0
468,15.95,54,13,1
469,23.52,29,17,1
470,8,37,13,0
471,22.38,46,11,1
472,10.36,25,16,0
473,12.53,26,12,1
474,24,32,13,1
475,8.5,31,13,0
476,10.25,23,12,0
477,19,28,13,1
478,6.7,42,13,0
479,15.48,37,16,1
480,7.65,53,12,0
481,12.8,55,17,0
482,7.52,19,11,1
483,41.85,53,20,1
484,6.7,18,12,1
485,16.51,52,4,1
486,12.5,49,10,0
487,19.2,28,14,1
488,9.65,37,13,0
489,18.11,30,13,0
490,7.63,37,12,1
491,14.36,53,10,0
492,12.09,30,19,0
493,8.83,64,10,0
494,9.3,44,13,0
495,16,37,13,0
496,16,38,12,0
497,13.23,58,10,1
498,16.32,54,13,0
499,23.04,52,12,1
500,8.71,34,11,0
501,21.04,37,12,0
502,6.8,26,15,1
503,20.29,39,20,0
504,14.5,36,12,0
505,12.07,55,13,0
506,9,19,12,1
507,23.47,36,13,1
508,16.4,30,15,1
509,25.44,39,12,1
510,33.6,40,16,1
511,10.51,46,12,0
512,12.11,21,15,1
513,20,36,14,1
514,12,61,13,0
515,8.98,31,14,0
516,15,42,10,1
517,23.04,24,12,0
518,9.6,54,8,0
519,8.57,37,15,1
520,19.2,56,7,1
521,10,37,13,1
522,15.99,64,15,1
523,16.46,32,12,0
524,24.84,32,9,1
525,25.6,52,16,0
526,20.48,38,11,0
527,6.7,61,10,0
528,12.21,30,11,1
529,9.06,21,13,1
530,26.4,48,17,0
531,12,36,14,0
532,29.33,40,18,0
533,7,26,13,0
534,10.53,25,19,0
535,10.81,62,12,0
536,39,47,17,1
537,12.8,42,14,0
538,17.88,37,12,0
539,18.28,37,16,1
540,14.13,54,8,1
541,11.8,60,9,0
542,32.64,48,18,1
543,5.27,22,17,0
544,14.5,39,10,1
545,12.75,31,13,1
546,23,32,14,1
547,18.53,30,14,1
548,19.33,45,10,1
549,15.06,42,11,1
550,17.76,46,14,1
551,20.26,34,13,0
552,15.51,32,11,1
553,25.03,55,19,1
554,16.14,26,12,1
555,18.2,35,12,1
556,19.2,38,12,0
557,18.29,36,14,1
558,10.26,57,10,0
559,16,35,12,1
560,10,34,17,0
561,10.87,34,12,1
562,7.1,50,9,0
563,20.1,42,14,1
564,9.19,18,12,1
565,10.52,28,10,1
566,12,36,12,1
567,19,36,12,1
568,14.23,64,13,0
569,12,24,11,1
570,12,23,12,1
571,31.71,42,12,1
572,25.95,60,19,0
573,21.28,32,12,1
574,25.6,42,18,0
575,11.49,50,12,0
576,15.91,57,15,0
577,6.3,25,17,0
578,30,51,10,1
579,26.76,38,13,1
580,7.5,25,12,0
581,7.15,18,11,0
582,21.34,49,12,1
583,21.39,35,20,0
584,9,35,12,1
585,14.5,37,13,1
586,12,37,14,0
587,11.65,22,13,1
588,29.01,41,14,1
589,7.5,43,18,0
590,8.01,20,9,0
591,5.84,40,14,0
592,30.72,37,14,0
593,12.79,47,12,0
594,11.43,42,13,0
595,12,22,12,1
596,9.34,18,12,1
597,9.25,37,11,1
598,24,30,15,0
599,15.33,25,13,1
600,16.8,30,17,0
601,8,39,11,0
602,13.95,35,10,0
603,10,30,10,0
604,15.5,64,11,1
605,32.64,38,15,0
606,6.7,16,10,0
607,18.99,62,13,1
608,18.24,34,10,0
609,10,49,12,0
610,6.7,22,12,0
611,26.88,52,17,1
612,17.92,54,17,0
613,17.1,27,15,0
614,23.04,37,19,0
615,15.67,62,7,1
616,24.54,58,8,1
617,12,36,10,0
618,11.03,21,14,0
619,19.2,27,18,1
620,23.46,49,18,0
621,25.5,29,20,1
622,6.5,19,11,1
623,6.51,43,16,0
624,16.45,34,13,0
625,11,42,9,0
626,13.55,24,17,0
627,15.16,32,15,0
628,30.48,49,17,1
629,7.5,23,14,1
630,10.25,60,9,0
631,21.6,40,15,1
632,31.19,44,15,1
633,6.8,21,13,0
634,18.22,28,6,1
635,7.5,31,15,1
636,27.34,37,14,0
637,16.28,24,16,1
638,19.23,54,20,1
639,26.4,30,19,0
640,15,25,13,0
641,12,36,15,0
642,29.95,56,20,1
643,12.5,31,12,0
644,23.04,33,20,0
645,29.54,47,11,0
646,17,30,12,1
647,18.24,35,17,0
648,7.3,29,8,0
649,17.21,27,18,0
650,8.2,57,13,0
651,40.8,60,20,1
652,10.16,36,12,0
653,13.09,34,16,1
654,10.5,44,12,1
655,19.04,29,20,0
656,14.43,43,12,0
657,24.7,35,14,1
658,9.9,20,12,0
659,14.26,41,10,1
660,14,26,10,0
661,7.61,23,14,0
662,13.44,51,12,0
663,10,36,10,1
664,10.98,26,12,1
665,12.82,53,1,1
666,6.58,23,12,1
667,15.76,63,16,0
668,19.26,25,8,1
669,26.4,39,17,1
670,8.32,30,11,0
671,14.05,33,15,1
672,23.63,62,12,1
673,7.36,36,14,0
674,19.68,34,11,1
675,7.75,54,13,0
676,8.75,40,10,0
677,30.46,57,11,1
678,7,27,9,0
679,10.71,35,15,0
680,19.72,25,19,1
681,20.4,25,20,1
682,8.5,31,19,0
683,7.53,21,12,1
684,31.49,45,16,1
685,10.63,31,12,0
686,7.75,30,16,0
687,21.12,42,19,0
688,10,18,12,1
689,6.5,17,10,0
690,29.24,27,17,1
691,18.33,45,8,1
692,11.35,48,12,0
693,36.57,62,20,1
694,15,43,12,1
695,16.58,34,12,0
696,12,49,12,0
697,44.95,46,17,1
698,26.88,56,20,1
699,16.66,61,8,0
700,15.92,47,12,1
701,25.6,44,12,0
702,23.84,53,13,1
703,36.27,28,13,0
704,24,47,15,1
705,15.1,23,15,0
706,8.5,32,15,0
707,8,32,10,1
708,7,18,11,0
709,7.91,31,12,0
710,24.44,37,13,0
711,5.58,33,10,1
712,17,54,11,1
713,7.51,30,15,0
714,25,28,16,1
715,17.23,40,12,1
716,10.03,41,12,0
717,13.41,29,18,1
718,6.25,16,10,0
719,38.76,33,11,1
720,17.76,50,10,1
721,8.89,62,10,1
722,18.46,63,16,1
723,6.4,24,13,1
724,7,24,16,1
725,11.43,21,12,0
726,20,34,10,1
727,38.4,37,17,0
728,11.25,30,11,1
729,8,39,13,0
730,14.13,45,12,0
731,26.4,38,11,1
732,23.97,57,13,1
733,8.5,18,12,1
734,11.1,42,12,0
735,32.64,39,16,1
736,6.87,20,13,0
737,23.04,39,14,0
738,13.09,59,6,1
739,15.71,40,12,1
740,10.96,32,12,0
741,24.38,30,20,1
742,7,25,17,0
743,7,42,16,1
744,25.53,58,8,1
745,19.2,51,16,1
746,8.5,62,9,0
747,8,34,10,1
748,10,37,12,0
749,7.75,37,12,0
750,6.85,32,13,0
751,11.86,29,12,1
752,9.2,40,13,0
753,10.22,61,17,0
754,17.76,44,12,1
755,8.79,47,12,1
756,9.33,51,10,0
757,15.33,26,20,1
758,11,39,11,0
759,12,46,14,0
760,17.59,44,14,0
761,10.55,33,12,0
762,25,47,13,1
763,7.25,41,12,1
764,6.85,16,10,0
765,15.87,33,15,1
766,7.7,21,14,1
767,24.96,37,16,1
768,22.5,42,20,1
769,16,44,12,0
770,21.42,39,12,1
771,16.8,44,18,1
772,10.2,61,12,0
773,17.43,34,17,1
774,10.41,23,17,1
776,10,25,9,1
777,15.78,47,16,1
778,6.4,25,11,0
779,5.75,36,14,0
780,17.28,30,15,0
781,15.36,22,12,1
782,7,25,18,0
783,10.93,57,12,0
784,32.31,49,8,0
785,15.86,31,10,0
786,9.54,38,8,1
787,17.91,37,14,0
788,24.04,50,11,1
789,23.04,57,11,0
790,34.56,30,17,1
791,6.75,23,12,1
792,17.98,49,9,1
793,25,40,14,0
794,17.76,28,18,0
795,14.35,49,14,0
796,5,17,11,1
797,18.94,32,16,0
798,17.4,49,13,0
799,13.53,33,14,1
800,16.46,28,12,0
801,16.54,25,19,1
802,18,41,15,0
803,14.25,36,12,1
804,20.85,40,12,0
805,13.5,43,19,0
806,13.49,57,8,0
807,13,25,14,0
808,14.09,26,16,0
809,14.5,46,14,0
810,15.61,27,17,1
811,17.44,32,12,1
812,25.92,33,13,1
813,8,47,10,0
814,13.8,42,11,0
815,17.4,36,12,1
816,32.91,43,18,0
817,30.69,56,14,0
818,14,50,16,0
819,23.34,44,13,1
820,14.34,38,10,1
821,12.31,22,16,0
822,7.75,22,12,0
823,25.63,38,14,0
824,8.4,43,13,0
825,28.54,32,15,0
826,15,31,12,0
827,13.9,28,17,1
828,16.8,49,13,1
829,13.92,59,12,0
830,11.32,34,17,1
831,25.95,37,15,0
832,9.42,46,1,0
833,16.8,50,11,1
834,14.88,35,12,0
835,7.5,38,12,0
836,10.56,42,13,0
837,18,47,12,1
838,23.79,32,17,0
839,13.8,50,9,1
840,8,30,13,0
841,13.07,44,16,1
842,14.4,41,16,0
843,20.3,34,17,0
844,19.2,45,16,0
845,18.27,40,12,1
846,18.43,28,17,1
847,19.05,48,12,0
848,14.37,27,14,0
849,12.39,37,9,1
850,8,30,13,0
851,6.8,29,16,0
852,10.95,25,10,0
853,11.64,33,11,1
854,30.24,40,19,0
855,6.78,19,12,0
856,6.5,17,12,1
857,14.26,34,12,0
858,9,26,17,1
859,7.02,20,14,1
860,10,27,19,0
861,11,37,13,0
862,17.6,40,12,1
863,13.6,32,12,1
864,8.58,21,12,1
865,21.5,49,16,0
866,14.04,61,9,0
867,28.78,40,16,1
868,14.49,46,10,1
869,11,28,15,0
870,8.32,21,12,1
871,6.85,17,11,1
872,25.8,54,12,0
873,10.35,43,15,0
874,12.17,54,15,0
875,8.39,36,11,0
876,30,61,12,0
877,7.49,21,15,0
878,38.07,40,19,1
879,19.2,47,12,1
880,22.65,52,8,1
881,6.7,18,12,0
882,8,24,12,1
883,7.66,20,16,0
884,12,43,8,1
885,11.25,56,10,0
886,19.68,39,12,1
887,25.81,37,12,1
888,16,46,7,1
889,20.92,30,14,1
890,6.85,20,15,0
891,12.48,40,12,1
892,12,42,8,1
893,14.51,26,14,0
894,13.7,27,18,0
895,30,39,20,1
896,9.33,17,11,1
897,8,33,9,1
898,21,49,13,1
899,12.25,58,12,0
900,12.48,49,10,1
901,10.09,35,12,0
902,16.57,36,12,1
903,6.9,42,12,0
904,11.25,30,16,1
905,8.05,29,12,0
906,14.85,30,12,0
907,9,36,12,0
908,9.72,28,15,1
909,14.21,40,14,0
910,14.4,25,17,1
911,7,30,12,1
912,8.79,31,8,0
913,6.7,17,11,0
914,6.7,16,10,1
915,7.18,24,13,1
916,15.16,32,14,0
917,10.75,22,15,1
918,6.75,21,10,1
919,4.2,16,2,0
920,12.86,30,13,0
921,18,32,12,1
922,21.5,24,13,1
923,15,58,17,0
924,9.01,46,13,1
925,17.52,40,12,1
926,18,45,9,1
927,19.38,28,11,1
928,24.46,32,13,0
929,15.88,24,15,0
930,8.7,24,12,1
931,20.88,35,19,1
932,6.85,16,10,0
933,9.54,60,14,0
934,32.4,31,16,1
935,17.6,39,16,0
936,18.21,45,12,0
937,6.9,24,16,0
938,20.58,31,19,0
939,14.23,55,9,1
940,27.43,55,16,1
941,36.94,40,10,1
942,15.36,46,20,1
943,29.16,52,14,1
944,6.5,25,12,1
945,9.23,36,12,0
946,14,25,17,1
947,12.07,42,15,0
948,16.01,39,19,0
949,8.5,26,17,1
950,15,25,15,1
951,11.94,20,11,0
952,19.2,32,15,1
953,22.4,31,16,1
954,21,39,11,0
955,18,31,14,1
956,31.2,37,18,1
957,14.71,54,9,1
958,25,60,11,1
959,12.96,35,18,1
960,7.25,45,9,0
961,17.62,36,10,0
962,14.98,53,16,1
963,19.47,49,11,1
964,15.06,44,13,0
965,8.21,32,14,0
966,9,35,11,1
967,6,17,13,0
968,15.1,27,14,0
969,12,38,7,1
970,5.11,23,15,0
971,15.36,23,18,1
972,6.7,19,12,0
973,26.62,45,16,1
974,17,32,15,0
975,17.5,33,12,1
976,6.7,20,14,0
977,7.75,27,14,1
978,12.8,45,20,1
979,21.22,39,17,0
980,8.61,37,14,0
981,7.68,34,12,0
982,9.43,58,14,1
983,6.7,23,13,0
984,16.51,27,13,1
985,19.2,53,11,0
986,13.73,31,12,1
987,7.45,21,12,1
988,15.87,56,10,0
989,8,28,14,0
990,12.1,37,15,0
991,26.4,47,14,0
992,15.84,34,16,1
993,13.75,16,9,1
994,25,40,12,1
995,17.22,58,11,1
996,6.75,40,12,0
997,38.4,39,10,1
998,10.51,27,13,0
999,14.64,48,9,0
1000,6.58,19,12,0
1001,18.65,55,13,0
1002,11.04,44,13,0
1003,7,20,13,1
1004,7,17,10,0
1005,11.36,51,12,1
1006,15.36,60,10,1
1007,6.5,19,12,0
1008,11.51,36,13,1
1009,18.43,32,12,1
1010,25,37,16,1
1011,15,30,12,1
1012,9,58,8,0
1013,12.03,37,13,0
1014,8.37,65,12,0
1015,9.91,24,20,0
1016,8.36,56,6,1
1017,6.6,18,10,1
1018,21.67,27,14,1
1019,7.5,39,12,0
1020,7.5,24,12,0
1021,12.48,29,15,1
1022,14.8,33,11,0
1023,27.84,38,12,1
1024,19.2,39,16,1
1025,9,23,14,1
1026,15.77,32,12,1
1027,20.76,44,18,0
1028,7,28,10,1
1029,16.81,61,12,0
1030,13.5,38,10,1
1031,16,49,14,1
1032,6.7,61,12,0
1033,6.75,24,15,1
1034,17.07,32,14,0
1035,7.15,24,15,0
1036,24.19,54,17,1
1037,10,18,13,1
1038,14.93,28,19,1
1039,15,26,16,0
1040,15.77,33,12,1
1041,28.8,49,17,1
1042,21.6,63,7,1
1043,21.12,36,12,0
1044,8,46,13,0
1045,7,23,14,1
1046,9,30,9,1
1047,12.13,31,11,1
1048,32.59,50,16,0
1049,6.53,45,10,0
1050,14.4,54,11,0
1051,17,48,12,0
1052,3.18,35,20,1
1053,13.33,28,12,1
1054,8.5,64,8,1
1055,15.36,39,12,0
1056,25.44,46,16,0
1057,21,40,10,0
1058,13.07,42,19,1
1059,19.94,31,12,0
1060,14.85,36,15,0
1061,21.6,48,11,1
1062,16,51,13,1
1063,17.86,35,13,1
1064,16.46,44,10,0
1065,10,37,14,0
1066,8.13,51,10,0
1067,24.48,53,18,1
1068,20.28,31,20,0
1069,23.33,39,12,0
1070,6.7,19,11,1
1071,11.96,48,10,0
1072,21.53,45,12,1
1073,25.14,43,16,1
1074,16.9,42,12,0
1075,14.02,48,9,1
1076,6,20,15,0
1077,6.25,45,17,0
1078,12.73,57,9,0
1079,9,28,13,0
1080,12.83,45,17,0
1081,4.98,21,15,0
1082,18.92,32,15,1
1083,5.8,21,16,1
1084,10.2,29,13,0
1085,27.84,41,17,0
1086,27,40,20,0
1087,9.16,28,13,0
1088,26.85,31,12,0
1089,6.61,29,16,1
1090,10,40,10,1
1091,9.44,47,11,1
1092,18.32,44,17,0
1093,10.5,24,13,1
1094,15.87,53,12,0
1095,14.4,39,8,1
1096,23.84,36,12,0
1097,15,32,13,0
1098,10.51,42,13,0
1099,12.96,25,16,0
1100,18.93,42,12,0
1101,20.6,30,20,0
1102,9.71,29,17,0
1103,7,17,11,1
1104,21.43,32,15,1
1105,13,35,12,0
1106,9.35,24,17,1
1107,9,21,1,1
1108,21.88,38,12,0
1109,15,31,14,0
1110,28,44,14,1
1111,7,20,13,0
1112,10.32,46,8,0
1113,16,39,14,0
1114,20.53,48,8,0
1115,6.51,19,12,1
1116,19.75,43,17,1
1117,22,36,18,0
1118,7,33,9,0
1119,7,23,13,1
1120,9.5,20,11,1
1121,18.02,27,17,0
1122,10.46,31,17,1
1123,14.97,23,15,1
1124,13.07,52,15,1
1125,19.91,47,13,0
1126,6.25,18,12,1
1127,9.25,33,8,0
1128,18,48,12,1
1129,19,53,14,0
1130,10,50,12,0
1131,25.6,60,13,1
1132,8,33,14,1
1133,30,63,12,1
1134,6.65,20,14,0
1135,11.64,44,18,0
1136,9.58,17,11,0
1137,29.87,60,20,1
1138,6.7,18,12,1
1139,30,37,16,1
1140,22.02,42,15,0
1141,13,26,12,1
1142,25.7,35,16,0
1143,19.2,37,12,0
1144,23.56,35,13,0
1145,23.09,48,12,0
1146,7.66,24,15,0
1147,7.88,26,14,0
1148,19.2,39,13,0
1149,10,33,12,1
1150,10.26,32,9,0
1151,6.7,21,15,0
1152,17.59,61,9,1
1153,15.36,25,18,1
1154,12.8,27,10,0
1155,6.76,18,13,0
1156,20.3,32,12,0
1157,9,42,12,1
1158,12.56,24,15,1
1159,9.6,54,10,0
1160,11.87,36,13,0
1161,16.1,36,12,0
1162,7.5,21,12,0
1163,9.6,30,14,0
1164,16.46,58,12,0
1165,8.5,27,17,1
1166,6.5,42,12,0
1167,3.24,23,14,1
1168,10,45,11,1
1169,12.75,42,11,1
1170,24,51,10,0
1171,6.66,31,15,0
1172,18,47,11,1
1173,21.55,34,12,1
1174,6.42,19,13,0
1175,15.89,42,14,1
1176,7.92,20,13,0
1177,25.44,40,16,1
1178,12.42,32,17,1
1179,23.76,25,13,1
1180,11,38,11,1
1181,13.57,43,11,1
1182,6.7,22,10,0
1183,8.5,32,12,0
1184,7,41,20,1
1185,26.02,44,15,0
1186,6.35,20,12,1
1187,10,45,10,0
1188,26.33,31,16,0
1189,12.66,50,12,1
1190,26.35,36,14,0
1191,11,36,10,0
1192,24,39,16,0
1193,8.75,20,11,1
1194,7.25,34,9,0
1196,4.8,34,10,1
1197,31.74,49,17,0
1198,14,53,13,0
1199,23.04,44,20,0
1200,20.64,37,18,0
1201,23.5,25,16,1
1202,12.24,65,8,1
1203,11.43,26,10,0
1204,7.99,24,16,0
1205,9.32,49,13,0
1206,7.84,22,14,1
1207,6.79,35,12,0
1208,11,33,10,1
1209,29.62,33,13,1
1210,15.7,25,15,1
1211,7.97,26,10,0
1212,15,44,12,1
1213,28.8,55,12,1
1214,22.54,36,15,1
1215,10.18,37,15,0
1216,13.92,31,14,1
1217,15.36,29,19,1
1218,8.57,20,13,1
1219,11,34,10,0
1220,11.75,21,12,0
1221,31.6,31,14,0
1222,13,43,12,0
1223,13.71,33,11,0
1224,13.02,37,13,0
1225,6.5,19,12,0
1226,13.66,31,15,0
1227,16.48,53,13,1
1228,15.57,52,12,0
1229,45.36,24,15,1
1230,7.2,19,14,1
1231,27.69,38,11,1
1232,11.6,40,12,1
1233,23.04,34,18,0
1234,13.5,24,12,1
1235,28.32,44,14,1
1236,7.25,38,17,0
1237,6.51,18,12,0
1238,6.9,20,12,1
1239,12.94,33,17,1
1240,8.2,19,14,1
1241,18.03,38,15,1
1242,34.91,36,17,1
1243,20.16,56,20,1
1244,14.88,44,8,1
1245,11.06,54,11,0
1246,19.2,47,15,1
1247,15.94,35,13,0
1248,15.16,32,17,1
1249,13.5,25,11,1
1250,12.19,24,12,0
1251,15,53,4,1
1252,5.6,29,12,0
1253,19.2,30,16,0
1254,6.7,22,17,1
1255,14,53,10,1
1256,8.9,20,12,0
1257,7.54,38,12,0
1258,6.9,16,10,0
1259,10,34,12,0
1260,7,22,18,1
1261,20.61,40,12,1
1262,12,45,14,1
1263,13.64,41,12,1
1264,16.3,42,15,1
1265,15.59,39,12,0
1266,7.2,20,12,1
1267,21.39,38,16,1
1268,19.8,41,17,1
1269,14.03,32,14,0
1270,15.57,39,12,0
1271,22.11,31,17,0
1272,34.67,35,17,0
1273,8.34,24,17,0
1274,7.25,25,14,0
1275,13.4,22,17,0
1276,15.36,38,12,0
1277,7,18,12,0
1278,6.5,57,11,0
1279,11.26,40,12,0
1280,17.84,33,14,1
1281,10.46,24,14,0
1282,14.11,31,10,0
1283,25.6,32,13,1
1284,28.53,36,17,0
1285,20.94,28,16,1
1286,10,27,9,1
1287,21.98,34,20,0
1288,15.36,36,12,1
1289,18.22,23,15,0
1290,34.56,46,17,1
1291,17.62,39,12,1
1292,9.5,22,13,0
1293,16.93,38,17,0
1294,19.15,50,13,1
1295,7,32,13,0
1296,8,25,11,1
1297,41.28,59,20,1
1298,12,27,15,0
1299,11.95,51,10,1
1300,3.59,21,13,0
1301,24.4,45,18,1
1302,14.37,58,1,1
1303,25.93,27,18,0
1304,27.73,52,17,0
1305,30.31,43,17,1
1306,10.45,28,14,0
1307,9.83,26,16,0
1308,17,37,15,1
1309,7.55,20,11,1
1310,10,48,13,0
1311,8.65,20,13,1
1312,20.99,48,15,1
1313,21.49,44,12,1
1314,28.8,45,12,1
1315,10.78,40,12,0
1316,17.28,32,15,0
1317,15.89,42,13,0
1318,26.48,33,13,0
1319,19.2,34,12,1
1320,8.92,25,19,1
1321,19.97,56,13,0
1322,14,43,15,0
1323,18.65,28,12,1
1324,14.06,19,12,0
1325,23.04,43,15,1
1326,12.69,34,10,0
1327,15.84,55,13,0
1328,31.77,35,17,1
1329,35.66,52,17,1
1330,18.5,58,8,1
1331,17.28,36,15,1
1332,13.81,50,8,0
1333,24,44,16,1
1334,20.34,32,13,1
1335,18.24,56,10,1
1336,31.68,54,17,1
1337,16.82,28,12,1
1338,26.65,47,17,1
1339,32.35,41,12,1
1340,19.05,33,17,0
1341,15.5,50,12,0
1342,16.8,36,12,1
1343,7.49,36,12,0
1344,13,26,20,0
1345,10,37,13,0
1346,6.31,61,11,0
1347,12.14,41,12,0
1348,17.45,40,17,0
1349,13.31,36,13,0
1350,6.7,43,12,0
1351,9.6,25,10,1
1352,8,22,15,0
1353,10.08,37,13,0
1354,17.41,29,16,0
1355,7,47,13,0
1356,16.42,39,7,1
1357,24.84,33,15,1
1358,19.83,49,13,0
1359,19,33,14,1
1360,6.7,21,16,0
1361,8,20,12,1
1362,15.36,25,17,0
1363,15.49,33,9,1
1364,16.4,59,13,0
1365,10.14,33,13,1
1366,12.19,19,13,1
1367,6.8,48,13,0
1368,9.54,33,12,1
1370,7,54,12,0
1371,12.61,25,12,1
1372,40.96,54,10,1
1373,18.02,40,10,1
1374,17.92,39,13,0
1375,17.1,29,13,1
1376,22.19,55,12,1
1377,10,36,15,1
1378,7.92,21,14,0
1379,25.93,42,15,0
1380,12.72,24,16,0
1381,20.11,39,14,0
1382,18.63,36,11,1
1383,16.3,27,12,1
1384,10.26,32,10,1
1385,13.09,49,16,0
1386,18.74,29,16,0
1387,16.69,32,12,1
1388,28.74,54,17,1
1389,12.95,54,4,1
1390,10.48,27,14,1
1391,15.49,33,14,0
1392,19.17,49,17,1
1393,10,25,16,1
1394,18.07,27,15,1
1395,6.7,18,11,0
1396,24.65,52,13,0
1397,5.75,21,14,0
1398,15,52,11,1
1399,19.37,51,10,1
1400,37.6,43,16,0
1401,28.67,35,19,1
1402,20.16,41,13,1
1403,15,48,11,0
1404,8.17,42,12,0
1405,9.33,33,12,0
1406,11.52,35,15,0
1407,12.67,45,12,0
1408,13.12,31,12,1
1409,5.64,21,12,1
1410,17.57,27,18,1
1411,13.76,24,10,1
1412,6.5,20,15,0
1413,15,40,12,1
1414,28.8,43,10,1
1415,7.68,24,15,0
1416,10.6,44,12,0
1417,15.5,24,14,0
1418,22.08,53,13,1
1419,11.86,46,9,1
1420,39.84,58,18,0
1421,21.57,34,11,1
1422,5.8,21,15,0
1423,9.65,53,12,0
1424,11,19,13,1
1425,18.02,45,14,1
1426,25,40,16,0
1427,20.99,47,14,1
1428,16,38,13,1
1429,9.7,60,11,0
1430,17.9,38,9,1
1431,6.87,19,13,0
1432,4.29,42,13,0
1433,14.35,46,6,1
1434,9.58,19,13,1
1435,9.14,41,17,0
1436,15,53,6,1
1437,7.5,52,10,0
1438,12.61,32,13,1
1439,8.06,18,13,0
1440,13.1,55,9,0
1441,11.71,25,16,1
1442,7.19,19,11,0
1443,30.27,41,17,1
1444,9.18,20,12,1
1445,6.75,20,13,0
1446,33.39,46,16,0
1447,20.84,34,17,1
1448,30,24,17,0
1449,25.6,34,14,1
1450,12.77,36,12,0
1451,20.35,52,12,0
1452,11.5,41,12,1
1453,6.75,21,15,0
1454,14.49,53,16,0
1455,23.04,35,12,0
1456,23.04,46,14,1
1457,22.03,41,16,1
1458,7.58,47,12,0
1459,14.5,37,13,1
1460,23.42,20,13,0
1461,26.78,36,17,0
1462,21.33,48,10,1
1463,43.2,51,20,1
1464,18.19,57,10,0
1466,11,41,10,0
1467,9,60,9,1
1468,18,25,14,1
1469,5.98,22,14,0
1470,21.6,33,12,1
1471,7,31,16,0
1472,20,48,12,1
1473,9.61,23,10,0
1474,6.7,59,13,1
1475,23.07,44,17,0
1476,19.72,34,15,0
1477,17.88,38,16,0
1478,17.72,32,12,0
1479,9.49,20,13,1
1480,17.5,43,12,0
1481,17.18,34,11,1
1482,10.2,47,10,0
1483,10.34,48,9,0
1484,13.73,55,10,1
1485,17.4,33,15,1
1486,15,45,10,1
1487,6.54,17,12,1
1488,29.76,51,12,1
1489,21.94,56,20,0
1490,26.88,42,17,0
1491,14.81,29,15,1
1492,20.16,39,12,1
1493,8,23,15,0
1494,9.1,25,15,0
1495,3.75,17,11,1
1496,10.96,36,13,0
1497,14.28,46,13,0
1498,16.32,45,14,0
1499,24.98,40,13,1
1500,11.61,40,13,0
1501,10.08,43,12,0
1502,8,43,14,0
1503,14.63,59,13,0
1504,15.97,24,11,0
1505,22,41,15,1
1506,17.81,42,14,0
1507,12.62,45,12,0
1508,49.44,55,20,1
1509,15.1,47,10,1
1510,9.32,23,12,0
1511,17.5,16,11,1
1512,6.77,19,14,0
1513,8.89,18,12,0
1514,8.23,45,13,0
1515,11.76,32,17,0
1516,6.35,17,12,1
1517,11.5,29,11,0
1519,13.25,37,12,1
1520,27.39,48,17,1
1521,24.94,38,16,0
1522,16.96,26,12,0
1523,7.23,35,11,0
1524,19.2,27,18,1
1525,18.9,24,19,1
1526,9.5,25,17,0
1527,6.35,16,9,1
1528,13.67,30,12,1
1529,24.06,40,17,1
1530,12.77,31,12,1
1531,25.2,32,19,0
1532,8.32,25,18,0
1533,5.87,34,11,1
1534,14,34,7,1
1535,24.44,43,13,1
1536,20,33,13,1
1537,21.95,26,18,1
1538,12,21,12,0
1539,19.25,58,10,0
1540,8.31,32,12,0
1541,47.36,44,16,0
1542,18.24,28,10,1
1543,14.4,38,14,0
1544,9.6,17,10,0
1545,5.75,51,12,1
1546,15.92,34,20,0
1547,12,41,13,0
1548,34.9,30,15,0
1549,10.93,35,13,0
1550,30.72,36,20,1
1551,7.84,19,12,0
1552,3.84,44,12,1
1553,6.7,29,14,0
1554,7.16,21,13,1
1555,7.34,65,11,0
1556,7.25,53,12,0
1557,10,23,16,1
1558,15,44,10,1
1559,20.79,34,12,0
1560,25.58,42,17,0
1561,7.56,24,13,0
1562,7,19,12,0
1563,27.93,37,12,1
1564,19.61,31,13,0
1565,12.54,31,7,1
1566,6.5,19,15,0
1567,15.56,48,13,0
1568,27.59,33,19,1
1569,12.15,46,13,0
1570,16.2,48,16,1
1571,8.8,35,12,0
1572,23.93,45,16,1
1573,24.92,54,19,0
1574,11.18,52,14,0
1575,10.69,41,10,1
1576,26.4,38,12,1
1577,26.4,40,15,0
1578,15,51,17,1
1579,14.21,32,12,1
1580,27.14,35,12,1
1581,6.25,20,14,0
1582,19.2,35,18,0
1583,14.26,57,12,0
1584,12,57,8,1
1585,12.5,35,11,1
1586,15.53,38,12,0
1587,16.58,37,15,1
1588,32.64,53,9,1
1589,22.5,35,18,1
1590,15.36,28,14,1
1591,21.01,31,20,0
1592,8,23,13,1
1593,6.71,20,14,0
1594,12.17,25,13,1
1595,11.58,28,14,1
1596,15.36,26,12,1
1597,24.36,45,12,1
1598,6.92,22,17,0
1599,16.5,42,12,1
1600,26.99,36,10,1
1601,35.11,61,14,0
1602,10.75,18,12,1
1603,17.16,42,13,0
1604,8,25,13,1
1605,16.67,48,12,1
1606,7.62,18,12,0
1607,20.31,37,14,1
1608,21.43,62,12,0
1609,28.32,47,20,1
1610,20.48,42,13,1
1611,19.92,30,13,1
1612,13.4,46,12,0
1613,8.87,51,14,1
1614,14.07,32,9,1
1615,14.37,29,12,0
1616,23.75,47,14,1
1617,6.99,48,13,0
1618,11,25,11,1
1619,14.81,23,13,1
1620,9,33,7,0
1621,11.11,26,12,1
1622,29.53,44,17,0
1623,9.22,20,12,0
1624,23.45,27,17,1
1625,22.27,40,17,1
1626,38.4,45,19,0
1627,13.2,27,13,1
1628,18.92,31,14,1
1629,23.04,43,13,1
1630,6.7,17,12,1
1631,8.5,57,13,0
1632,32.16,43,12,1
1633,26.97,35,11,1
1634,26.18,48,20,0
1635,23.42,43,12,1
1636,11.45,23,12,1
1637,7.75,35,17,0
1638,15.17,43,20,0
1639,12.48,31,12,0
1640,8.23,21,15,0
1641,6.97,30,12,1
1642,17.4,47,10,0
1643,13.04,33,12,0
1644,28.79,35,14,0
1645,24.48,46,12,1
1646,24.17,44,9,1
1647,6.48,20,12,0
1648,24,39,12,1
1649,15.52,28,13,1
1650,6.7,18,13,0
1651,23.57,58,12,1
1652,19.2,57,11,1
1653,26.24,34,12,1
1654,13.71,63,12,0
1655,12.59,50,10,1
1656,19.18,32,12,1
1657,18.94,54,19,1
1658,14,23,14,1
1659,22.47,30,14,1
1660,15.45,55,16,0
1661,13.88,33,12,0
1662,17.99,56,12,1
1663,13.44,24,12,1
1664,18.21,57,16,0
1665,14.95,54,10,1
1666,7.3,25,14,0
1667,14.75,49,16,0
1668,30.72,51,20,1
1669,20.16,48,16,1
1670,18.43,30,20,0
1671,5.86,25,11,0
1672,11,20,14,1
1673,14.8,42,15,1
1674,20.16,36,12,0
1675,9,32,12,1
1676,18.24,29,13,0
1677,9.04,26,8,0
1678,25.8,37,10,1
1679,15.51,37,12,1
1680,11.52,24,12,0
1681,13.92,54,12,0
1682,12,29,20,1
1683,29.15,32,17,1
1684,9.61,22,15,1
1685,5.83,35,12,0
1686,14.4,62,11,1
1687,13.45,44,10,0
1688,14,29,12,0
1689,8.7,29,10,0
1690,15.85,33,11,1
1691,16.47,34,12,0
1692,28.8,44,20,1
1693,14.15,53,11,0
1694,8.6,29,9,1
1695,20.64,38,15,1
1696,5,16,10,0
1697,10.4,62,13,0
1698,27,32,17,0
1699,6.42,20,14,0
1700,10,29,15,1
1701,8,40,14,0
1702,15.39,28,15,0
1703,20,51,10,1
1704,12,23,17,1
1705,26,33,18,1
1706,18.57,45,15,1
1707,27.14,30,18,0
1708,11.25,60,12,1
1709,17.28,31,10,0
1710,16.66,47,15,0
1711,10,23,18,1
1712,8.65,19,13,1
1713,9.24,21,15,0
1714,14.27,50,12,0
1715,19.61,30,16,0
1716,13.99,37,12,0
1717,21.66,28,13,1
1718,11.5,24,10,1
1719,8.37,22,11,0
1720,6.55,25,12,0
1721,8,22,12,0
1722,7.5,20,12,1
1723,14,37,13,0
1724,8.26,32,10,0
1725,31.15,64,15,1
1726,19.02,38,12,1
1727,7,19,10,1
1728,7,16,10,1
1729,13.31,31,13,1
1730,6,18,12,1
1731,17.91,24,12,1
1732,12.67,33,12,1
1733,24,38,17,0
1734,11.04,27,17,1
1735,14.4,47,15,0
1736,15,28,17,1
1737,26.4,33,14,1
1738,5.28,21,15,0
1739,17,31,12,0
1740,9,31,13,0
1741,12.86,32,14,0
1742,7.5,29,12,0
1743,11.19,21,11,1
1744,41.14,46,18,0
1745,28.36,39,15,1
1746,8.5,22,14,1
1747,8,22,11,0
1748,7,48,12,0
1749,10.97,39,14,0
1750,6.7,23,10,1
1751,5.92,22,14,0
1752,12.03,33,14,0
1753,15.6,27,14,1
1754,7.25,20,12,0
1755,6.7,18,13,0
1756,23.04,38,20,1
1757,9.5,24,9,0
1758,20.19,25,16,0
1759,13,26,17,0
1760,35.84,47,20,0
1761,27.36,41,19,1
1762,7,20,14,0
1763,10.79,28,12,0
1764,23.98,52,12,1
1765,23.04,50,13,0
1766,6.86,18,12,1
1767,21.6,51,17,0
1768,7.5,51,6,0
1769,17,41,10,1
1770,11.5,24,13,1
1771,6.74,18,11,0
1772,18,35,14,0
1773,9,25,16,1
1774,7,18,14,1
1775,12.48,36,12,0
1776,18.95,27,17,1
1777,14.4,30,14,0
1778,13.17,46,11,0
1779,26.18,38,17,0
1780,11.5,37,9,0
1781,17.99,43,11,0
1782,30.65,50,14,1
1783,7.04,17,11,0
1784,11.43,19,9,0
1785,18,31,12,0
1786,9.5,62,3,0
1787,15,35,15,1
1788,7,50,13,0
1789,7.2,23,17,0
1790,25.92,47,17,1
1791,3.41,22,16,0
1792,23.31,50,16,0
1793,7,18,11,1
1794,6.85,18,11,1
1795,14.85,39,12,0
1796,16.25,34,14,1
1797,10.2,28,12,0
1798,23.04,42,16,0
1799,12.57,47,20,0
1800,16.64,35,14,0
1801,6.65,18,11,0
1802,8.57,33,12,1
1803,24,32,14,1
1804,27.43,57,13,1
1805,12.55,60,8,1
1806,16,38,9,1
1807,6,18,11,1
1808,21.25,42,12,1
1809,10.24,51,12,0
1810,8.6,53,9,0
1811,18.64,29,17,1
1812,16.24,48,20,1
1813,10,26,12,1
1814,10,23,14,1
1815,6.14,19,10,0
1816,11.89,27,17,0
1817,25.34,29,16,1
1818,6.76,29,13,0
1819,10.38,56,12,0
1820,6.7,20,13,0
1821,17.76,56,6,1
1822,19.69,28,18,0
1823,30.17,41,15,1
1824,12,19,11,1
1825,6.75,44,10,0
1826,16,43,13,0
1827,24.96,32,17,1
1828,14.13,36,12,1
1829,7.4,33,20,0
1830,18.1,40,13,1
1831,7.75,51,9,0
1832,7.67,60,8,0
1833,15.33,34,13,0
1834,10.05,23,12,0
1835,9.89,29,18,0
1836,14.26,58,10,0
1837,11.11,37,12,1
1838,26.39,33,18,0
1839,28.16,34,15,0
1840,14.97,27,16,1
1841,7.5,29,14,0
1842,10.4,19,12,1
1843,16.5,51,13,1
1844,17.5,25,11,1
1845,25,24,17,0
1846,17.3,24,12,1
1847,20.85,42,18,0
1848,6,19,11,0
1849,9.2,27,18,0
1850,26,61,11,1
1851,17.5,45,14,1
1852,8.22,24,9,1
1853,17.94,37,10,1
1854,12.48,26,15,0
1855,9.33,39,9,1
1856,13,40,14,1
1857,6.75,22,16,0
1858,8.03,20,11,1
1859,21.23,37,15,1
1860,21,47,16,0
1861,10.81,20,14,1
1862,14.29,34,18,1
1863,12.92,35,15,0
1864,17,27,12,1
1865,10,26,14,0
1866,23.59,45,19,0
1867,18.25,41,12,0
1868,25.91,35,14,0
1869,17.72,35,13,0
1870,33.36,45,13,1
1871,7.31,63,11,0
1872,10,31,16,1
1873,28.8,33,16,1
1874,14.59,43,18,0
1875,12,39,13,0
1876,27,48,15,0
1877,6.7,57,6,0
1878,8.9,46,12,1
1879,18.94,53,9,1
1880,7,17,11,1
1881,25.6,40,16,1
1882,17.49,37,16,1
1883,14.96,46,12,1
1884,9,20,14,0
1885,14,57,12,0
1886,15.53,24,12,0
1887,12,34,12,0
1888,12.93,54,10,0
1889,18.11,41,15,1
1890,24,40,12,1
1891,22.39,41,17,0
1892,13,41,17,0
1893,14.94,48,8,0
1894,10.38,26,20,0
1895,16,53,17,0
1896,12.97,56,15,1
1897,11.82,34,16,0
1898,21.94,46,15,1
1899,6.7,20,13,0
1900,8.12,16,12,1
1901,16.46,35,9,1
1902,4.82,23,15,1
1903,13.44,39,12,0
1904,26.77,34,14,1
1905,18.24,58,8,1
1906,20.91,41,12,0
1907,18.77,32,13,1
1908,7.64,17,11,1
1909,13.75,30,11,1
1910,8.5,34,12,0
1911,17.47,35,14,1
1912,20.16,38,12,0
1913,8.74,31,12,1
1914,8.61,55,12,0
1915,17.42,25,18,0
1916,22.4,35,15,0
1917,18.64,50,12,0
1918,25.12,44,12,1
1919,12,59,12,0
1920,26.11,43,16,1
1921,7.18,17,11,1
1922,14.96,27,13,1
1923,14.05,58,10,1
1924,24.9,33,16,1
1925,21.6,42,12,1
1926,10,25,15,0
1927,22.22,23,9,1
1928,7,20,14,0
1929,30.72,40,20,1
1930,28.86,62,10,1
1931,18.72,26,16,1
1932,18.72,42,18,1
1933,12.1,32,10,1
1934,6.7,19,13,1
1935,38.44,20,14,1
1936,16.59,26,20,0
1937,9.63,46,10,0
1938,32.47,40,17,1
1939,22.2,48,12,0
1940,8.6,26,18,0
1941,18,24,15,0
1942,18.68,27,15,1
1943,13.56,43,13,0
1944,26.37,58,9,1
1945,20.16,30,12,1
1946,14.87,43,15,0
1947,16,38,15,0
1948,7.2,43,15,0
1949,7.62,21,13,0
1950,14.4,39,12,0
1951,8.65,17,11,0
1952,15.04,56,13,0
1953,32.16,40,17,0
1954,21.76,55,18,1
1955,8.72,32,9,0
1956,28.8,62,15,0
1957,13.79,24,13,1
1958,16.8,56,8,1
1959,11,45,11,0
1960,7.24,21,11,0
1961,27.14,28,17,1
1962,7.62,21,12,1
1963,34.23,26,18,1
1964,23.44,28,14,1
1965,13.01,30,9,0
1966,18.91,53,14,1
1967,7.08,27,16,1
1968,6.7,17,12,1
1969,13.3,30,13,1
1970,6.75,18,13,0
1971,14.4,42,13,1
1972,7,25,14,0
1973,14.8,36,11,1
1974,38,34,13,1
1975,22.93,43,16,1
1976,40.96,52,17,1
1977,11.94,45,11,0
1978,11.5,31,13,0
1979,18.57,31,13,1
1980,12,27,17,0
1981,16.22,26,12,1
1982,12.86,54,12,0
1983,12.81,35,15,0
1984,8.99,18,10,0
1985,6.46,17,10,0
1986,6.25,17,11,0
1987,25.64,35,19,1
1988,19.19,53,13,0
1989,6.8,20,13,1
1990,17.9,64,9,1
1991,48,30,18,1
1992,22,40,16,1
1993,26.93,57,14,0
1994,30,48,16,0
1995,18.64,43,10,1
1996,8.32,50,19,0
1997,12.84,17,11,0
1998,19.75,48,14,0
1999,25.79,31,11,1
2000,17.9,42,9,1
2001,18.75,56,12,1
2002,29.76,51,9,1
2003,15,28,14,0
2004,18,46,16,1
2005,15.75,33,17,1
2006,11.51,19,12,1
2007,13.7,39,20,0
2008,10.61,39,12,0
2009,9,33,9,0
2010,8.33,22,19,0
2011,7.2,25,19,0
2012,23.04,42,20,1
2013,13.96,27,13,1
2014,18.74,57,5,1
2015,7,52,12,0
2016,7.93,19,13,0
2017,11.17,32,14,0
2018,18.16,38,14,1
2019,16.84,47,15,0
2020,20.07,43,16,1
2021,40.32,48,16,1
2022,6.7,20,14,0
2023,6.85,20,13,1
2024,33.28,39,16,1
2025,7,31,12,0
2026,30.7,44,14,1
2027,27,59,16,1
2028,15,22,18,0
2029,10.4,45,10,0
2030,8.04,22,16,0
2031,13.01,39,10,0
2032,19.76,20,15,0
2033,16.25,34,9,1
2034,9.12,57,12,0
2035,12.65,57,10,1
2036,10.7,28,15,0
2037,14.29,52,12,0
2038,10.56,51,8,0
2039,3.23,30,12,0
2040,5.54,23,18,1
2041,10.14,24,17,1
2042,8.57,31,13,0
2043,22.56,32,17,1
2044,9.5,33,12,1
2045,8.26,22,12,1
2046,5.77,19,14,0
2047,16.38,42,13,0
2048,8.53,37,13,0
2049,12,30,14,1
2050,10.92,26,12,1
2051,6.78,27,12,1
2052,21.78,38,16,0
2053,7.51,46,8,0
2054,18.19,50,12,0
2055,8.7,45,12,0
2056,20,57,13,1
2057,9.1,50,3,0
2058,14.5,45,10,0
2059,8,30,12,1
2060,12.5,42,11,1
2061,4.03,17,10,0
2062,17.35,32,11,0
2063,5.8,27,8,0
2064,16.79,34,12,0
2065,17.01,32,13,0
2066,3.82,17,11,1
2067,6.7,35,14,1
2068,23.81,45,17,1
2069,14.4,51,8,1
2070,13,26,15,0
2071,21.12,43,17,0
2072,26.27,34,18,1
2073,21.6,50,17,1
2074,19.2,47,10,1
2075,7,18,12,0
2076,15.75,35,10,1
2077,11.52,47,10,1
2078,7.37,28,18,1
2079,16.66,53,11,0
2080,18,33,12,1
2081,10.84,36,11,1
2082,16,44,12,0
2083,16.5,31,12,0
2084,3.19,18,13,0
2085,27.97,51,17,0
2086,9.52,43,16,1
2087,7.24,23,12,0
2088,13.06,22,9,1
2089,5.7,20,15,0
2090,18.24,40,12,1
2091,13.49,37,10,0
2092,21.84,20,12,0
2093,30.22,53,11,0
2094,10,64,9,1
2095,22,37,17,0
2096,20.64,41,11,1
2097,8.75,34,11,0
2098,12.13,31,12,1
2099,13,58,10,1
2100,13,33,10,1
2101,23.81,35,17,0
2102,7.5,25,18,1
2103,39.84,55,19,1
2104,6.98,21,15,0
2105,6.66,25,17,0
2106,17.68,34,12,1
2107,14.35,37,12,1
2108,15.57,30,13,1
2109,6.7,22,10,0
2110,18,34,13,0
2111,10.7,45,11,0
2112,6.36,23,14,1
2113,11,57,10,1
2114,13.44,22,11,0
2115,6.7,18,11,0
2116,23.04,39,17,1
2117,29.28,46,16,0
2118,12,41,13,1
2119,16.16,39,10,1
2120,16.96,28,19,0
2121,11,27,13,0
2122,25.34,31,16,1
2123,22.68,41,14,1
2124,14.44,38,17,0
2125,21.6,40,10,1
2126,16.9,47,12,0
2127,12.5,23,11,1
2128,7.46,54,9,1
2129,11.17,31,15,1
2130,6.48,17,11,1
2131,10.93,44,14,1
2132,31.1,36,10,1
2133,23.04,55,12,1
2134,20.84,39,13,0
2135,23.04,31,13,1
2136,17.9,45,13,1
2137,16,26,10,1
2138,12,51,15,1
2139,9.5,22,12,0
2140,9.37,22,15,0
2141,8.9,32,9,1
2142,31.04,47,14,1
2143,19.55,27,14,1
2144,22.22,47,15,0
2145,14.66,30,12,1
2146,35.96,48,20,1
2147,6.75,18,12,0
2148,7.39,20,15,0
2149,7.65,32,11,0
2150,10,26,14,1
2151,16.2,27,9,1
2152,14.77,39,14,1
2153,18.87,46,14,0
2154,19.12,46,14,0
2155,5,16,10,1
2156,16.3,30,16,1
2157,12.38,32,12,0
2158,22.68,45,15,1
2159,13.75,48,10,1
2160,28.32,46,17,0
2161,9.33,25,12,0
2162,20.16,25,20,1
2163,29.84,28,14,1
2164,6.7,38,16,0
2165,10.56,34,13,1
2166,29.28,50,18,0
2167,6.75,56,13,0
2168,18.92,51,12,1
2169,12.3,40,20,1
2170,8.5,36,12,0
2171,10,20,9,1
2172,5.8,35,14,0
2173,18.54,38,12,1
2174,11.9,34,15,1
2175,10.25,36,11,0
2176,17,52,9,1
2177,25.44,35,10,1
2178,48.29,46,15,1
2179,8.79,42,12,0
2180,13.44,64,12,0
2181,15.66,54,8,1
2182,7,31,12,0
2183,9.73,49,14,0
2184,16,32,12,1
2185,17.62,33,12,1
2186,37.88,36,19,1
2187,15.79,26,17,1
2188,39.21,37,12,1
2189,23.07,39,13,1
2190,15,22,14,0
2191,8.06,23,9,0
2192,12.29,31,13,0
2193,7,54,14,0
2194,24.69,31,18,0
2195,14.97,26,15,0
2196,10.36,44,14,0
2197,4.63,24,14,0
2198,17.76,56,13,1
2199,7,23,12,0
2200,15,32,12,1
2201,16.8,37,14,1
2202,15.77,27,12,1
2203,6.7,19,12,0
2204,7.1,28,12,0
2205,7,25,12,1
2206,23.2,26,20,1
2207,19.84,44,13,1
2208,4.96,21,16,0
2209,10.56,32,15,1
2210,18.25,28,17,0
2211,17.92,28,17,0
2212,23.06,23,19,0
2213,24,48,14,0
2214,6.74,18,12,0
2215,24.69,35,12,0
2216,32.64,52,14,1
2217,12.9,42,14,0
2218,6.95,32,12,1
2219,13,22,11,1
2220,14,40,11,1
2221,6.75,17,11,0
2222,9,43,8,1
2223,22.19,32,16,1
2224,19.58,38,13,1
2225,7,32,11,1
2226,14.5,31,16,0
2227,22.02,34,13,0
2228,10.11,37,15,0
2229,6.7,17,11,0
2230,20.8,43,12,1
2231,18.56,36,13,0
2232,12,29,11,1
2233,21.3,31,10,0
2234,10.18,28,12,0
2235,5.8,33,14,1
2236,7.63,17,11,0
2237,10.12,32,12,0
2238,24.48,31,19,1
2239,11.64,20,14,0
2240,31.99,34,16,1
2241,9,21,14,1
2242,11.04,31,14,1
2243,11.59,26,13,1
2244,6.85,49,8,0
2245,19.93,61,11,1
2246,7.83,20,13,1
2247,8.55,54,8,1
2248,16.79,33,10,0
2249,10,33,14,0
2250,11,56,12,0
2251,16.22,46,15,0
2252,8,23,15,0
2253,13.73,41,19,0
2254,18.46,50,19,1
2255,24,36,18,1
2256,25.95,55,11,1
2257,31.23,35,17,0
2258,9.41,21,13,0
2259,6.5,30,15,0
2260,7.47,32,10,0
2261,10.16,35,15,0
2262,40.05,50,20,0
2263,40,38,14,0
2264,26.4,48,15,0
2265,10,17,11,1
2266,8.26,18,11,1
2267,24.44,37,13,1
2268,30.08,51,13,0
2269,3.84,20,12,1
2270,7.5,59,13,0
2271,10.78,46,11,1
2272,22.98,36,15,0
2273,14.21,38,18,0
2274,9.75,28,13,1
2275,9,23,15,1
2276,15.52,25,17,1
2277,7.07,18,10,0
2278,10.75,36,13,0
2279,9,21,16,1
2280,6.7,19,13,0
2281,12.96,40,12,0
2282,17.6,38,17,1
2283,17.41,35,13,0
2284,13.6,31,11,1
2285,16.95,29,18,0
2286,25.92,53,14,0
2287,14.13,52,13,0
2288,10.63,23,17,0
2289,6.21,33,13,1
2290,8,38,15,0
2291,11,25,13,1
2292,13,29,16,1
2293,45.12,53,8,1
2294,6,60,9,0
2295,13.13,48,11,1
2296,14,64,8,1
2297,6.13,33,12,0
2298,6.8,19,12,0
2299,5,35,15,0
2300,36.25,57,8,0
2301,12.8,34,12,0
2302,17,30,12,1
2303,22.7,43,12,1
2304,24,31,17,1
2305,13.75,43,16,1
2306,16.78,45,13,1
2307,17,33,13,0
2308,12.55,37,13,1
2309,19.2,38,9,1
2310,10.24,29,14,0
2311,6.7,19,12,0
2312,27.67,47,13,0
2313,13.68,28,12,1
2314,23,64,17,0
2315,17.95,24,15,0
2316,28.8,38,16,0
2317,8,51,12,0
2318,8.2,31,15,1
2319,33.18,54,20,1
2320,12.1,36,14,0
2321,14.77,34,17,0
2322,14,36,12,0
2323,15.36,40,14,0
2324,32.16,40,18,1
2325,7.55,48,10,0
2326,13.18,41,11,0
2327,9.85,35,12,1
2328,18.41,28,16,1
2329,30.32,56,12,1
2330,14,24,12,1
2331,7,16,11,1
2332,6.7,16,10,0
2333,10,35,10,1
2334,20.01,51,13,1
2335,10.34,41,13,0
2336,13.06,38,13,0
2337,33.59,53,15,0
2338,12.82,35,12,0
2339,33.6,60,13,1
2340,8.4,24,12,0
2341,17.64,36,12,1
2342,7,47,8,1
2343,30.72,42,15,1
2344,18.94,36,13,0
2345,13.96,40,13,1
2346,15,31,14,1
2347,23,57,6,1
2348,13,48,12,0
2349,24,54,6,1
2350,16,48,10,1
2351,8.54,29,12,0
2352,38.4,39,15,1
2353,12.8,58,14,0
2354,35.66,48,20,1
2355,6.71,28,13,1
2356,12.8,46,11,0
2357,7.95,33,12,0
2358,12,51,13,0
2359,19.95,28,16,1
2360,29.9,45,14,1
2361,10.5,63,8,1
2362,40.96,54,17,1
2363,7,25,12,0
2364,15,38,12,1
2365,15,39,12,0
2366,22.02,61,12,1
2367,6.75,45,15,0
2368,10.24,53,13,0
2369,9.82,18,12,1
2370,7.1,17,11,0
2371,17.89,25,14,0
2372,17.5,45,10,1
2373,9.25,47,10,0
2374,9.92,36,14,0
2375,14.41,45,12,0
2376,12,23,16,0
2377,9.75,60,8,1
2378,14.29,41,15,1
2379,11.06,32,12,0
2380,9,20,13,0
2381,8.42,58,12,0
2382,49.92,41,20,0
2383,14.83,46,15,1
2384,9,44,17,1
2385,24,33,14,1
2386,12.07,29,12,0
2387,7,18,13,1
2388,7.03,43,10,0
2389,20.83,32,15,0
2390,22.21,40,13,1
2391,21.6,49,13,0
2392,10.45,59,14,0
2393,25.75,31,12,1
2394,25.72,57,8,1
2395,11.52,53,9,0
2396,24.96,42,12,1
2397,21.57,41,9,1
2398,7.13,46,12,0
2399,6.75,18,12,1
2400,13.82,53,10,0
2401,17.76,42,12,0
2402,8.32,42,13,1
2403,10.2,26,11,1
2404,10.25,63,12,0
2405,19.64,43,17,1
2406,20.16,51,16,1
2407,11.94,34,14,0
2408,7.79,20,12,0
2409,7,17,11,0
2410,9.12,30,13,1
2411,12.03,26,15,0
2412,19.2,30,19,1
2413,3.84,32,13,1
2414,10.22,29,12,1
2415,9.81,24,12,1
2416,24,48,12,1
2417,3.75,16,10,1
2418,19.68,38,12,1
2419,6.7,53,8,0
2420,18.12,35,15,0
2421,18.33,29,14,0
2422,7.94,24,13,1
2423,18.07,48,13,1
2424,16.16,32,17,0
2425,16.9,42,14,0
2426,8,57,17,0
2427,17.4,31,10,0
2428,13,31,11,1
2429,12.84,26,12,0
2430,33.6,53,11,1
2431,17.75,34,18,1
2432,7.1,19,9,1
2433,20.64,32,13,1
2434,28.8,53,14,1
2435,12.57,30,15,0
2436,18.79,52,14,0
2437,9.16,42,6,1
2438,8.01,20,14,0
2439,15.25,34,12,1
2440,13.65,30,19,0
2441,10,22,12,0
2442,12,25,14,0
2443,15.73,39,18,1
2444,6.35,19,13,0
2445,15,54,13,1
2446,8.96,23,12,1
2447,12.51,26,13,0
2448,13.28,33,12,0
2449,8,54,15,0
2450,9.49,55,9,0
2451,41.28,36,14,1
2452,27.43,59,14,0
2453,8.33,34,15,1
2454,18.16,40,10,0
2455,24,36,16,0
2456,6.97,27,15,0
2457,15.36,41,12,0
2458,16.32,58,10,0
2459,10.56,39,12,1
2460,12.21,54,12,0
2461,9.97,27,15,1
2462,10.95,26,12,1
2463,6.25,60,10,0
2464,6.4,18,10,0
2465,30.49,52,16,1
2466,24,42,12,1
2467,17,60,9,1
2468,10.85,38,13,0
2469,7,34,17,0
2470,20,51,16,1
2471,16.67,39,18,1
2472,3.84,28,14,0
2473,25.48,56,13,0
2474,9.85,30,12,0
2475,21.6,36,15,1
2476,21.99,55,16,0
2477,9.61,31,17,1
2478,10.56,21,11,1
2479,19.2,56,17,1
2480,18.75,27,15,1
2481,19,36,13,0
2482,22.56,50,20,0
2483,22.08,30,12,1
2484,21.56,32,19,1
2485,12.5,45,15,0
2486,14.4,25,13,1
2487,7.5,20,13,1
2488,18.03,31,15,0
2489,6.31,19,14,1
2490,16.3,39,12,1
2491,16.46,51,11,0
2492,6.82,29,16,0
2493,7.3,18,11,1
2494,12.15,35,14,1
2495,8.75,17,11,0
2496,7.2,28,14,0
2497,11.2,32,16,1
2498,12.91,54,9,1
2499,18.26,29,14,1
2500,14,23,12,1
2501,31.8,41,17,1
2502,17.28,52,10,1
2503,11.6,32,12,0
2504,10,58,10,0
2505,23.76,50,14,1
2506,19,41,11,0
2507,5.13,16,10,0
2508,17.76,35,14,0
2510,25.6,46,15,1
2511,13.95,24,14,0
2512,32.16,38,12,1
2513,7.85,57,9,0
2514,7.77,26,12,0
2515,24.74,32,19,0
2516,12.48,28,13,1
2517,25.51,37,16,0
2518,28.76,59,13,1
2519,19.08,33,16,1
2520,9.4,51,10,0
2521,10,29,14,0
2522,23.04,31,16,0
2523,21.33,36,20,0
2524,14.47,39,12,1
2525,10.58,58,9,0
2526,13.59,29,12,0
2527,18.24,41,13,0
2528,20.95,57,9,0
2529,7.5,31,12,1
2530,11.4,37,8,0
2531,24.96,37,20,0
2532,4.95,31,14,1
2533,32.91,52,17,0
2534,20,36,12,1
2535,15.42,39,12,1
2536,18.46,57,8,1
2537,15.79,38,19,1
2538,30.72,45,17,1
2539,21.13,39,15,0
2540,10,21,12,1
2541,18.65,42,17,1
2542,22.75,28,14,1
2543,27.03,32,14,1
2544,7.4,22,14,1
2545,22.56,44,17,0
2546,16.05,26,10,1
2547,12.46,36,12,1
2548,7,32,12,1
2549,15,54,12,1
2550,7.64,31,11,1
2551,16,41,12,1
2552,19.9,41,17,1
2553,17.28,61,12,1
2554,29.67,32,17,1
2555,6.67,23,16,0
2556,21.33,34,13,1
2557,40,42,19,0
2558,13.23,47,8,0
2559,17.42,41,12,0
2560,10.75,32,12,1
2561,14.84,49,10,1
2562,28.8,59,12,1
2563,15.12,28,15,0
2564,11.97,27,14,1
2565,35.12,51,12,1
2566,9.74,35,13,0
2567,7,18,12,0
2568,17.38,31,13,1
2569,19.86,63,12,1
2570,16.69,50,15,1
2571,12,38,13,0
2572,10,31,14,0
2573,11.52,29,12,0
2574,20.5,39,17,0
2575,11,50,11,1
2576,17.44,58,5,1
2577,19,39,14,1
2578,18.21,46,10,0
2579,11.85,47,11,0
2580,18.92,36,13,1
2581,16.67,51,8,1
2582,24,40,16,1
2583,16.53,45,12,0
2584,21.6,31,18,0
2585,16,32,16,0
2586,6.35,18,13,1
2587,13.75,40,17,0
2588,11.52,23,4,0
2589,13,38,11,1
2590,15,33,13,1
2591,18.24,36,20,1
2592,11.64,54,20,1
2593,7.78,33,14,1
2594,12.29,36,9,0
2595,15.71,49,15,0
2596,7.87,35,2,0
2597,37.89,46,17,1
2598,15.84,29,20,1
2599,32.16,62,18,0
2600,22.66,26,16,1
2601,6.83,18,12,0
2602,6.5,21,12,0
2603,24.32,21,16,1
2604,7,23,16,0
2605,25.92,53,20,1
2606,13.25,46,11,1
2607,19,54,9,0
2608,9.1,19,12,1
2609,18.24,63,14,1
2610,7,57,12,0
2611,19.11,38,13,1
2612,6.7,17,11,1
2613,21.06,59,15,0
2614,9,38,10,0
2615,6.7,30,8,0
2616,11.21,26,17,0
2617,25.77,34,12,0
2618,7.6,24,13,1
2619,40.32,49,18,1
2620,10,44,8,0
2621,27.31,44,17,1
2622,27.84,45,12,1
2623,7.21,17,11,1
2624,21.5,53,14,0
2625,24.96,31,17,0
2626,40.35,36,11,0
2627,6.75,18,12,0
2628,6.41,39,15,0
2629,25.6,41,13,1
2630,22.8,39,12,1
2631,16.25,35,9,1
2632,23.52,32,12,1
2633,21.75,34,13,0
2634,9.03,29,16,0
2635,15.75,31,15,1
2636,6.85,18,12,0
2637,9.86,22,15,0
2638,6.75,16,10,1
2639,14.21,54,10,0
2640,17.33,55,15,0
2641,32.91,47,18,1
2642,26.72,46,18,0
2643,17.21,25,17,1
2644,7.06,40,13,0
2645,7.45,35,14,0
2646,20.64,44,14,0
2647,10.85,44,10,0
2648,16.78,35,14,1
2649,11.9,36,12,0
2650,9.58,38,18,1
2651,17.6,41,13,0
2652,22.57,57,15,1
2653,29.22,40,16,1
2654,22.59,29,15,0
2655,20.16,39,20,1
2656,17.48,48,10,1
2657,13.44,38,10,0
2658,12.8,27,12,0
2659,24,46,10,1
2660,23.04,50,10,0
2661,17.97,29,16,0
2662,19.68,43,11,1
2663,23.16,32,14,0
2664,6.76,20,12,1
2665,17,40,12,0
2666,11.5,30,11,0
2667,7.16,18,7,1
2668,3.26,37,11,1
2669,6.35,18,12,0
2670,15.36,64,11,1
2671,13.06,38,12,1
2672,16.48,33,12,1
2673,21.72,29,16,0
2674,28.8,48,13,1
2675,32.64,37,18,1
2676,19.18,48,9,1
2677,15.36,41,12,0
2678,13.31,39,12,0
2679,18.52,25,14,1
2680,22.56,31,12,1
2681,11.97,29,5,1
2682,12,32,10,0
2683,16.25,57,14,0
2684,24.59,41,14,0
2685,26.88,47,19,1
2686,14,31,14,0
2687,9,48,14,1
2688,38.4,37,19,1
2689,16.58,41,12,1
2690,7.01,45,4,0
2691,8.62,19,13,0
2692,18.9,50,16,0
2693,9,31,14,0
2694,10.72,42,10,0
2695,7,39,9,0
2696,14.84,45,12,0
2697,6.8,17,11,0
2698,24.81,52,12,1
2699,16.8,52,10,1
2700,12,28,12,1
2701,10,21,15,0
2702,19.58,24,16,1
2703,18.02,34,14,0
2704,8.41,58,11,1
2705,26.82,36,12,0
2706,40.32,42,14,1
2707,21.6,42,13,1
2708,10.88,25,13,1
2709,26.88,42,12,1
2710,14.07,50,15,0
2711,7.44,34,9,1
2712,28.8,58,10,1
2713,19.75,33,19,1
2714,6.65,20,15,1
2715,24.4,48,10,1
2716,10.25,35,12,0
2717,15.43,38,17,0
2718,18.41,33,15,1
2719,13.7,39,15,0
2720,6.76,40,12,0
2721,10.45,31,13,0
2722,5.92,55,10,0
2723,16,46,15,0
2724,27.92,34,19,0
2725,35.09,51,4,1
2726,9.55,30,15,0
2727,10.95,46,15,0
2728,17.66,50,14,0
2729,9.69,49,8,0
2730,10.3,42,10,1
2731,15.05,33,15,0
2732,13.38,45,12,0
2733,7.23,25,15,0
2734,10.59,29,12,0
2735,16.42,34,15,1
2736,20,35,16,0
2737,14.34,32,14,0
2738,16.68,47,12,1
2739,14.8,32,9,1
2740,16.73,40,12,0
2741,23.04,30,13,1
2742,15,38,13,1
2743,17,31,10,1
2744,9.94,30,12,0
2745,8.01,18,11,0
2746,14.45,27,12,1
2747,6.35,19,14,0
2748,16,22,13,1
2749,6.7,21,14,1
2750,6.35,22,15,1
2751,19.2,34,12,1
2752,6.48,56,10,0
2753,14.85,55,8,0
2754,10,54,8,0
2755,24.33,37,15,1
2756,34.56,51,19,0
2757,15.36,34,13,1
2758,9.9,46,14,0
2759,24,60,11,1
2760,15.91,29,15,0
2761,40.43,34,9,1
2762,20,49,13,1
2763,23,45,14,1
2764,14.4,32,10,1
2765,17.5,48,4,1
2766,10.28,31,12,0
2767,28.66,50,17,1
2768,17.98,34,17,1
2769,26.4,48,12,1
2770,6.78,18,12,0
2771,13.75,35,13,0
2772,9.04,51,14,0
2773,11,52,11,0
2774,16,27,9,1
2775,9.89,47,9,1
2776,14.03,39,8,1
2777,10.5,25,14,1
2778,9.5,39,10,1
2779,6.25,20,12,0
2780,13.91,31,18,0
2781,22.17,24,16,0
2782,22.08,38,20,1
2783,15,34,13,1
2784,6.85,20,12,0
2785,14.65,37,12,0
2786,8.09,22,14,0
2787,38.4,36,17,1
2788,11,57,8,1
2789,9.95,55,12,0
2790,17.44,30,12,1
2791,12,21,14,1
2792,9.21,17,10,1
2793,15.79,52,10,1
2794,16,47,10,0
2795,7.24,28,19,0
2796,13.82,40,11,0
2797,7.62,24,15,1
2798,7.99,19,12,0
2799,18.24,51,11,1
2800,6.94,23,17,0
2801,16.76,37,19,1
2802,25.44,41,11,1
2803,22.86,35,10,1
2804,6.35,17,10,0
2805,6.75,21,12,1
2806,12,19,13,0
2807,23.04,46,18,1
2808,11.68,60,8,1
2809,10.5,62,9,1
2810,9.91,39,15,0
2811,10.36,43,12,0
2812,18,44,13,1
2813,17.84,46,8,1
2814,22.5,62,15,0
2815,19.1,30,16,1
2816,10.45,45,19,0
2817,6.76,16,10,0
2818,24.77,53,16,1
2819,12.5,35,11,0
2820,15.36,52,15,0
2821,11.55,51,10,0
2822,12.78,34,15,0
2823,18.24,46,13,1
2824,21.6,57,12,1
2825,23.62,58,18,0
2826,10.35,51,17,0
2827,18.39,56,9,1
2828,6.25,17,11,0
2829,7,16,11,1
2830,26.4,49,10,1
2831,24.05,31,14,1
2832,6.25,17,11,0
2833,6.25,44,9,0
2834,14,37,18,1
2835,11.67,27,14,0
2836,9.42,49,12,0
2837,9.94,27,15,0
2838,8.37,23,17,0
2839,9,20,14,1
2840,2.3,44,12,0
2841,6.15,19,12,0
2842,12.11,62,8,1
2843,8.14,28,8,1
2844,18.92,49,17,1
2845,22.99,51,12,0
2846,10.97,27,13,0
2847,18.92,38,11,1
2848,14,46,14,0
2849,19.25,62,12,0
2850,9.5,45,12,0
2851,7.06,23,15,1
2852,15.28,30,12,0
2853,13.45,29,14,1
2854,6.75,61,11,0
2855,30.88,62,12,1
2856,24,53,12,1
2857,17.26,28,12,1
2858,11,36,14,1
2859,28.16,51,14,0
2860,16.94,41,12,0
2861,23.16,44,17,1
2862,10,30,10,0
2863,28.8,51,14,1
2864,11.52,54,12,0
2865,11.11,41,11,1
2866,28.16,52,19,0
2867,9.76,29,14,0
2868,26.88,34,12,1
2869,19.5,45,14,1
2870,19.4,37,17,1
2871,32.91,35,14,1
2872,6.34,16,3,0
2873,12.85,52,12,0
2874,6,16,11,0
2875,39.5,48,20,1
2876,22,28,16,0
2877,18.25,37,15,1
2878,21.6,39,12,1
2879,11.5,59,8,1
2880,19,53,14,1
2881,6,20,15,1
2882,23,36,12,1
2883,20.87,28,18,1
2884,18.72,27,17,1
2885,13.71,44,17,0
2886,31.2,48,18,1
2887,7.25,50,15,1
2888,16.18,53,12,0
2889,7.85,25,13,0
2890,9.38,46,14,0
2891,27.74,55,12,0
2892,23.72,50,9,1
2893,8.91,35,10,0
2894,19.2,28,18,1
2895,23.1,34,18,1
2896,6.71,65,12,0
2897,22.08,40,20,0
2898,27.8,30,9,0
2899,15.34,31,12,1
2900,19.2,42,20,0
2901,18,46,8,1
2902,13.75,34,15,1
2903,28.54,26,17,1
2904,9.25,25,9,1
2905,29.76,37,12,1
2906,14,49,15,1
2907,8.5,28,13,0
2908,20.67,29,19,0
2909,15.36,37,12,0
2910,18.24,31,15,0
2911,22.77,32,18,0
2912,7.53,31,12,0
2913,13.5,30,17,1
2914,6,16,10,1
2915,17.8,30,12,1
2916,17.46,45,9,1
2917,19,48,10,1
2918,21.5,53,7,1
2919,9.72,30,15,0
2920,12,33,13,1
2921,14.96,28,16,0
2922,19.7,23,12,0
2923,23.55,48,13,1
2924,18.92,48,10,1
2925,15,25,15,0
2926,16.85,61,10,0
2927,13.59,48,13,0
2928,8.6,60,16,0
2929,17.14,28,14,1
2930,26.78,42,15,1
2931,21.6,47,12,1
2932,6.98,19,12,0
2933,18.92,57,10,1
2934,11,22,17,1
2935,16,43,13,0
2936,22.81,45,8,1
2937,20.4,38,11,1
2938,25,32,15,0
2939,23.96,36,14,1
2940,22.23,41,16,0
2941,20.87,42,13,1
2942,8.7,22,16,1
2943,32,47,11,1
2944,32.52,42,18,1
2945,10.85,32,15,0
2946,12.5,60,13,0
2947,9.43,21,11,1
2948,16,57,11,0
2949,11,36,12,1
2950,20.24,38,14,1
2951,23.97,55,12,1
2952,8.5,42,12,0
2953,13.73,23,12,1
2954,16.46,54,16,0
2955,3.35,37,7,1
2956,17.76,27,15,1
2957,16.12,33,12,1
2958,27.8,34,12,0
2959,7.12,35,12,0
2960,10.71,52,10,1
2961,30,52,11,0
2962,6.85,31,15,0
2963,19.68,42,16,1
2964,14.4,31,12,0
2965,14.88,40,13,0
2966,6.55,18,12,0
2967,14.4,59,10,1
2968,14.15,25,12,1
2969,15,40,19,0
2970,12.5,31,8,0
2971,9.63,18,12,1
2972,14.71,47,10,0
2973,16.72,36,14,0
2974,9.5,59,12,0
2975,26.48,33,15,1
2976,29.57,48,18,1
2977,25.74,34,13,1
2978,14,38,17,0
2979,3.31,34,9,0
2980,22.19,45,12,1
2981,10.28,29,13,0
2982,4.8,18,13,1
2983,19,48,15,0
2984,18.24,40,14,0
2985,16.7,41,16,1
2986,27.56,40,14,0
2987,6.77,46,10,0
2988,18.76,31,18,0
2989,9.56,24,17,0
2990,10,21,12,1
2991,15,64,13,0
2992,7.85,47,9,0
2993,18.21,30,19,0
2994,25.92,48,18,1
2995,8,30,8,1
2996,6.83,41,14,1
2997,6.7,20,13,0
2998,11.2,48,8,1
2999,19.76,32,14,0
3000,10.56,24,16,1
3001,7.88,20,13,0
3002,10.4,31,12,1
3003,7.5,46,15,0
3004,14.25,31,11,1
3005,17.9,42,14,1
3006,12,47,13,0
3007,17.81,25,13,0
3008,8.57,18,13,0
3009,26.11,39,17,0
3010,19.91,48,12,0
3011,13.26,52,12,0
3012,15.65,49,14,1
3013,18.24,46,10,0
3014,24.96,44,18,0
3015,6.59,19,13,0
3016,10,45,13,0
3017,14.28,39,12,1
3018,16.8,32,11,1
3019,11.68,30,12,0
3020,16,26,16,0
3021,17.9,27,16,1
3022,9.66,45,10,1
3023,23.04,38,18,0
3024,13.59,29,14,0
3025,6.5,19,13,0
3026,10.85,37,12,0
3027,18.24,31,12,1
3028,38,46,17,1
3029,7,18,12,0
3030,6.03,22,14,1
3031,15.81,40,10,0
3032,32.6,38,20,1
3033,15.87,45,10,0
3034,21.53,38,10,1
3035,28.8,42,12,1
3036,12.29,28,17,0
3037,6.79,19,14,0
3038,9.9,50,13,0
3039,17.92,32,17,0
3040,14.03,59,20,1
3041,8.63,24,17,1
3042,6.5,16,9,1
3043,5,16,11,1
3044,9,28,13,1
3045,9.74,24,16,0
3046,35.84,49,20,0
3047,12,65,6,1
3048,6.83,27,13,0
3049,18.39,51,12,1
3050,10.85,25,19,0
3051,3.64,33,13,0
3052,16.32,42,13,1
3053,19,53,14,0
3054,12,48,10,0
3055,6.5,22,12,0
3056,7.61,30,14,0
3057,12.13,51,12,0
3058,6.63,22,13,0
3059,19.2,44,17,1
3060,13.68,49,11,0
3061,21.6,29,16,1
3062,6.81,18,13,1
3063,15,53,4,1
3064,11.77,55,14,0
3065,12,53,12,0
3066,6.7,20,15,0
3067,12.8,27,12,0
3068,28.73,36,15,1
3069,8.33,22,11,1
3070,10.37,39,15,1
3071,31.2,52,10,1
3072,9.85,21,14,0
3073,20.21,33,15,1
3074,6.91,48,11,0
3075,6.7,19,12,1
3076,19.2,28,19,0
3077,28.8,54,16,0
3078,31.33,53,20,1
3079,14.8,42,15,0
3080,18.5,24,15,0
3081,8.05,41,12,0
3082,12.84,20,9,0
3083,21.12,45,17,0
3084,19.97,53,9,1
3085,6,17,10,1
3086,11,26,12,0
3087,13.75,28,17,0
3088,22.9,28,11,1
3089,29.27,38,11,0
3090,20.09,36,12,1
3091,15.52,44,16,0
3092,19.04,36,13,0
3093,18.33,30,18,1
3094,13.92,23,16,1
3095,19.2,39,12,0
3096,11.29,38,10,0
3097,8.33,42,14,0
3098,14,37,10,1
3099,13.71,39,12,0
3100,12.78,33,11,1
3101,18.92,53,13,1
3102,11.06,29,10,1
3103,15.84,25,17,0
3104,11.44,22,17,1
3105,29.6,32,14,1
3106,10,45,20,1
3107,6.87,20,12,1
3108,13.21,28,16,1
3109,17.01,44,12,0
3110,19.2,30,19,0
3111,7.93,30,12,0
3112,12,26,15,1
3113,14.4,62,17,0
3114,18.58,34,16,1
3115,21.12,46,14,1
3116,17.77,31,15,0
3117,13.41,33,13,0
3118,10,34,13,0
3119,11.5,21,11,1
3120,7,17,12,0
3121,10.3,58,10,1
3122,14.59,51,13,0
3123,28.8,54,14,0
3124,8,20,16,0
3125,13.13,32,19,1
3126,6.9,21,15,1
3127,27.14,47,18,1
3128,6.7,24,17,0
3129,20,42,12,0
3130,7.92,28,16,1
3131,6.72,18,10,1
3132,30.38,41,12,1
3133,13.28,54,12,0
3134,4.89,40,12,1
3135,6.6,22,16,0
3136,32.64,65,12,1
3137,14.83,40,12,0
3138,6.5,24,19,0
3139,19,35,12,1
3140,18.92,54,11,1
3141,11.5,33,15,0
3142,11.6,49,12,0
3143,24,32,17,0
3144,25.79,41,19,0
3145,21.44,49,13,1
3146,21.93,51,17,1
3147,7.79,18,13,0
3148,6.7,22,16,0
3149,17.76,42,15,1
3150,12.5,59,11,0
3151,16.8,39,12,1
3152,15.93,34,9,0
3153,7,21,15,0
3154,17.07,32,12,1
3155,8.12,25,18,0
3156,9.45,23,13,1
3157,28.53,41,16,1
3158,9.33,41,14,0
3159,30.66,57,7,0
3160,7.03,25,12,1
3161,12,47,12,1
3162,28.64,51,20,0
3163,9,34,14,0
3164,7.35,52,10,0
3165,17.21,26,16,0
3166,7.52,31,15,0
3167,8.5,31,12,0
3168,8,25,6,1
3169,10.81,46,12,1
3170,7.6,57,9,0
3171,27.79,57,13,0
3172,3.83,17,11,1
3173,6.89,40,16,0
3174,20,37,14,1
3175,27.79,35,18,0
3176,17.85,44,13,1
3177,7,30,12,0
3178,19,40,10,1
3179,20.3,26,18,1
3180,13.79,25,14,1
3181,8.3,24,15,1
3182,14.74,34,13,0
3183,8,25,14,1
3184,19.46,35,12,1
3185,18.35,41,13,0
3186,18.42,27,19,0
3187,7,22,15,1
3188,7,48,15,0
3189,7.48,38,12,0
3190,18,29,15,1
3191,27.9,53,15,1
3192,6.7,18,13,1
3193,14,29,14,0
3194,23.04,56,15,0
3195,10,61,8,1
3196,10,40,15,0
3197,6.57,28,13,0
